#Release 8.2.03i - par I.34
#Copyright (c) 1995-2006 Xilinx, Inc.  All rights reserved.

#Sat Apr 02 01:34:43 2016

#
## NOTE: This file is designed to be imported into a spreadsheet program
# such as Microsoft Excel for viewing, printing and sorting. The |
# character is used as the data field separator. This file is also designed
# to support parsing.
#
#INPUT FILE:       UnidadAritmetica_map.ncd
#OUTPUT FILE:      UnidadAritmetica_pad.csv
#PART TYPE:        xc3s200
#SPEED GRADE:      -5
#PACKAGE:          ft256
#
# Pinout by Pin Number:
# 
# -----,-----,-----,-----,-----,-----,-----,-----,-----,-----,-----,-----,-----,-----,-----,-----,
Pin Number,Signal Name,Pin Usage,Pin Name,Direction,IO Standard,IO Bank Number,Drive (mA),Slew Rate,Termination,IOB Delay,Voltage,Constraint,DCI Value,IO Register,Signal Integrity,
A1,,,GND,,,,,,,,,,,,,
A2,,,TDI,,,,,,,,,,,,,
A3,,IOB,IO/VREF_0,UNUSED,,0,,,,,,,,,,
A4,,DIFFM,IO_L01P_0/VRN_0,UNUSED,,0,,,,,,,,,,
A5,,IOB,IO,UNUSED,,0,,,,,,,,,,
A6,,,VCCAUX,,,,,,,,2.5,,,,,
A7,,IOB,IO,UNUSED,,0,,,,,,,,,,
A8,,DIFFM,IO_L32P_0/GCLK6,UNUSED,,0,,,,,,,,,,
A9,,IOB,IO,UNUSED,,1,,,,,,,,,,
A10,,DIFFS,IO_L31N_1/VREF_1,UNUSED,,1,,,,,,,,,,
A11,,,VCCAUX,,,,,,,,2.5,,,,,
A12,,IOB,IO,UNUSED,,1,,,,,,,,,,
A13,,DIFFS,IO_L10N_1/VREF_1,UNUSED,,1,,,,,,,,,,
A14,,DIFFS,IO_L01N_1/VRP_1,UNUSED,,1,,,,,,,,,,
A15,,,TDO,,,,,,,,,,,,,
A16,,,GND,,,,,,,,,,,,,
B1,,DIFFM,IO_L01P_7/VRN_7,UNUSED,,7,,,,,,,,,,
B2,,,GND,,,,,,,,,,,,,
B3,,,PROG_B,,,,,,,,,,,,,
B4,,DIFFS,IO_L01N_0/VRP_0,UNUSED,,0,,,,,,,,,,
B5,,DIFFM,IO_L25P_0,UNUSED,,0,,,,,,,,,,
B6,,DIFFM,IO_L28P_0,UNUSED,,0,,,,,,,,,,
B7,,DIFFM,IO_L30P_0,UNUSED,,0,,,,,,,,,,
B8,,DIFFS,IO_L32N_0/GCLK7,UNUSED,,0,,,,,,,,,,
B9,,,GND,,,,,,,,,,,,,
B10,,DIFFM,IO_L31P_1,UNUSED,,1,,,,,,,,,,
B11,,DIFFS,IO_L29N_1,UNUSED,,1,,,,,,,,,,
B12,,DIFFS,IO_L27N_1,UNUSED,,1,,,,,,,,,,
B13,,DIFFM,IO_L10P_1,UNUSED,,1,,,,,,,,,,
B14,,DIFFM,IO_L01P_1/VRN_1,UNUSED,,1,,,,,,,,,,
B15,,,GND,,,,,,,,,,,,,
B16,,DIFFS,IO_L01N_2/VRP_2,UNUSED,,2,,,,,,,,,,
C1,,DIFFS,IO_L01N_7/VRP_7,UNUSED,,7,,,,,,,,,,
C2,,DIFFS,IO_L16N_7,UNUSED,,7,,,,,,,,,,
C3,,DIFFM,IO_L16P_7/VREF_7,UNUSED,,7,,,,,,,,,,
C4,,,HSWAP_EN,,,,,,,,,,,,,
C5,,DIFFS,IO_L25N_0,UNUSED,,0,,,,,,,,,,
C6,,DIFFS,IO_L28N_0,UNUSED,,0,,,,,,,,,,
C7,,DIFFS,IO_L30N_0,UNUSED,,0,,,,,,,,,,
C8,,DIFFM,IO_L31P_0/VREF_0,UNUSED,,0,,,,,,,,,,
C9,,DIFFS,IO_L32N_1/GCLK5,UNUSED,,1,,,,,,,,,,
C10,,IOB,IO,UNUSED,,1,,,,,,,,,,
C11,,DIFFM,IO_L29P_1,UNUSED,,1,,,,,,,,,,
C12,,DIFFM,IO_L27P_1,UNUSED,,1,,,,,,,,,,
C13,,,TMS,,,,,,,,,,,,,
C14,,,TCK,,,,,,,,,,,,,
C15,,DIFFS,IO_L16N_2,UNUSED,,2,,,,,,,,,,
C16,,DIFFM,IO_L01P_2/VRN_2,UNUSED,,2,,,,,,,,,,
D1,,DIFFS,IO_L17N_7,UNUSED,,7,,,,,,,,,,
D2,,DIFFM,IO_L17P_7,UNUSED,,7,,,,,,,,,,
D3,,DIFFM,IO_L19P_7,UNUSED,,7,,,,,,,,,,
D4,,,VCCINT,,,,,,,,1.2,,,,,
D5,,IOB,IO/VREF_0,UNUSED,,0,,,,,,,,,,
D6,,DIFFM,IO_L27P_0,UNUSED,,0,,,,,,,,,,
D7,,DIFFM,IO_L29P_0,UNUSED,,0,,,,,,,,,,
D8,,DIFFS,IO_L31N_0,UNUSED,,0,,,,,,,,,,
D9,,DIFFM,IO_L32P_1/GCLK4,UNUSED,,1,,,,,,,,,,
D10,,DIFFS,IO_L30N_1,UNUSED,,1,,,,,,,,,,
D11,,DIFFS,IO_L28N_1,UNUSED,,1,,,,,,,,,,
D12,,IOB,IO/VREF_1,UNUSED,,1,,,,,,,,,,
D13,,,VCCINT,,,,,,,,1.2,,,,,
D14,,DIFFM,IO_L16P_2,UNUSED,,2,,,,,,,,,,
D15,,DIFFS,IO_L17N_2,UNUSED,,2,,,,,,,,,,
D16,,DIFFM,IO_L17P_2/VREF_2,UNUSED,,2,,,,,,,,,,
E1,,DIFFS,IO_L20N_7,UNUSED,,7,,,,,,,,,,
E2,,DIFFM,IO_L20P_7,UNUSED,,7,,,,,,,,,,
E3,,DIFFS,IO_L19N_7/VREF_7,UNUSED,,7,,,,,,,,,,
E4,,DIFFM,IO_L21P_7,UNUSED,,7,,,,,,,,,,
E5,,,VCCINT,,,,,,,,1.2,,,,,
E6,,DIFFS,IO_L27N_0,UNUSED,,0,,,,,,,,,,
E7,,DIFFS,IO_L29N_0,UNUSED,,0,,,,,,,,,,
E8,,,VCCO_0,,,0,,,,,any******,,,,,
E9,,,VCCO_1,,,1,,,,,any******,,,,,
E10,,DIFFM,IO_L30P_1,UNUSED,,1,,,,,,,,,,
E11,,DIFFM,IO_L28P_1,UNUSED,,1,,,,,,,,,,
E12,,,VCCINT,,,,,,,,1.2,,,,,
E13,,DIFFS,IO_L19N_2,UNUSED,,2,,,,,,,,,,
E14,R<7>,IOB,IO_L19P_2,OUTPUT,LVCMOS25,2,12,SLOW,NONE**,,,LOCATED,,YES,NONE,
E15,,DIFFS,IO_L20N_2,UNUSED,,2,,,,,,,,,,
E16,,DIFFM,IO_L20P_2,UNUSED,,2,,,,,,,,,,
F1,,,VCCAUX,,,,,,,,2.5,,,,,
F2,,DIFFS,IO_L22N_7,UNUSED,,7,,,,,,,,,,
F3,,DIFFM,IO_L22P_7,UNUSED,,7,,,,,,,,,,
F4,,DIFFS,IO_L21N_7,UNUSED,,7,,,,,,,,,,
F5,,DIFFM,IO_L23P_7,UNUSED,,7,,,,,,,,,,
F6,,,GND,,,,,,,,,,,,,
F7,,,VCCO_0,,,0,,,,,any******,,,,,
F8,,,VCCO_0,,,0,,,,,any******,,,,,
F9,,,VCCO_1,,,1,,,,,any******,,,,,
F10,,,VCCO_1,,,1,,,,,any******,,,,,
F11,,,GND,,,,,,,,,,,,,
F12,PA<0>,IOB,IO_L21N_2,INPUT,LVCMOS25,2,,,,NONE,,LOCATED,,NO,NONE,
F13,R<2>,IOB,IO_L21P_2,OUTPUT,LVCMOS25,2,12,SLOW,NONE**,,,LOCATED,,YES,NONE,
F14,,DIFFS,IO_L22N_2,UNUSED,,2,,,,,,,,,,
F15,,DIFFM,IO_L22P_2,UNUSED,,2,,,,,,,,,,
F16,,,VCCAUX,,,,,,,,2.5,,,,,
G1,,DIFFM,IO_L40P_7,UNUSED,,7,,,,,,,,,,
G2,,DIFFS,IO,UNUSED,,7,,,,,,,,,,
G3,,DIFFS,IO_L24N_7,UNUSED,,7,,,,,,,,,,
G4,,DIFFM,IO_L24P_7,UNUSED,,7,,,,,,,,,,
G5,,DIFFS,IO_L23N_7,UNUSED,,7,,,,,,,,,,
G6,,,VCCO_7,,,7,,,,,any******,,,,,
G7,,,GND,,,,,,,,,,,,,
G8,,,GND,,,,,,,,,,,,,
G9,,,GND,,,,,,,,,,,,,
G10,,,GND,,,,,,,,,,,,,
G11,,,VCCO_2,,,2,,,,,2.50,,,,,
G12,PA<1>,IOB,IO_L23N_2/VREF_2,INPUT,LVCMOS25,2,,,,NONE,,LOCATED,,NO,NONE,
G13,R<6>,IOB,IO_L23P_2,OUTPUT,LVCMOS25,2,12,SLOW,NONE**,,,LOCATED,,YES,NONE,
G14,,DIFFS,IO_L24N_2,UNUSED,,2,,,,,,,,,,
G15,,DIFFM,IO_L24P_2,UNUSED,,2,,,,,,,,,,
G16,,DIFFM,IO,UNUSED,,2,,,,,,,,,,
H1,,DIFFS,IO_L40N_7/VREF_7,UNUSED,,7,,,,,,,,,,
H2,,,GND,,,,,,,,,,,,,
H3,,DIFFS,IO_L39N_7,UNUSED,,7,,,,,,,,,,
H4,,DIFFM,IO_L39P_7,UNUSED,,7,,,,,,,,,,
H5,,,VCCO_7,,,7,,,,,any******,,,,,
H6,,,VCCO_7,,,7,,,,,any******,,,,,
H7,,,GND,,,,,,,,,,,,,
H8,,,GND,,,,,,,,,,,,,
H9,,,GND,,,,,,,,,,,,,
H10,,,GND,,,,,,,,,,,,,
H11,,,VCCO_2,,,2,,,,,2.50,,,,,
H12,,,VCCO_2,,,2,,,,,2.50,,,,,
H13,PA<3>,IOB,IO_L39N_2,INPUT,LVCMOS25,2,,,,NONE,,LOCATED,,NO,NONE,
H14,PA<2>,IOB,IO_L39P_2,INPUT,LVCMOS25,2,,,,NONE,,LOCATED,,NO,NONE,
H15,,DIFFS,IO_L40N_2,UNUSED,,2,,,,,,,,,,
H16,,DIFFM,IO_L40P_2/VREF_2,UNUSED,,2,,,,,,,,,,
J1,,DIFFM,IO_L40P_6/VREF_6,UNUSED,,6,,,,,,,,,,
J2,,DIFFS,IO_L40N_6,UNUSED,,6,,,,,,,,,,
J3,,DIFFM,IO_L39P_6,UNUSED,,6,,,,,,,,,,
J4,,DIFFS,IO_L39N_6,UNUSED,,6,,,,,,,,,,
J5,,,VCCO_6,,,6,,,,,any******,,,,,
J6,,,VCCO_6,,,6,,,,,any******,,,,,
J7,,,GND,,,,,,,,,,,,,
J8,,,GND,,,,,,,,,,,,,
J9,,,GND,,,,,,,,,,,,,
J10,,,GND,,,,,,,,,,,,,
J11,,,VCCO_3,,,3,,,,,2.50,,,,,
J12,,,VCCO_3,,,3,,,,,2.50,,,,,
J13,PB<1>,IOB,IO_L39P_3,INPUT,LVCMOS25,3,,,,NONE,,LOCATED,,NO,NONE,
J14,PB<0>,IOB,IO_L39N_3,INPUT,LVCMOS25,3,,,,NONE,,LOCATED,,NO,NONE,
J15,,,GND,,,,,,,,,,,,,
J16,,DIFFS,IO_L40N_3/VREF_3,UNUSED,,3,,,,,,,,,,
K1,,DIFFM,IO,UNUSED,,6,,,,,,,,,,
K2,,DIFFM,IO_L24P_6,UNUSED,,6,,,,,,,,,,
K3,,DIFFS,IO_L24N_6/VREF_6,UNUSED,,6,,,,,,,,,,
K4,,DIFFM,IO_L23P_6,UNUSED,,6,,,,,,,,,,
K5,,DIFFS,IO_L23N_6,UNUSED,,6,,,,,,,,,,
K6,,,VCCO_6,,,6,,,,,any******,,,,,
K7,,,GND,,,,,,,,,,,,,
K8,,,GND,,,,,,,,,,,,,
K9,,,GND,,,,,,,,,,,,,
K10,,,GND,,,,,,,,,,,,,
K11,,,VCCO_3,,,3,,,,,2.50,,,,,
K12,,DIFFS,IO_L23N_3,UNUSED,,3,,,,,,,,,,
K13,PB<3>,IOB,IO_L24P_3,INPUT,LVCMOS25,3,,,,NONE,,LOCATED,,NO,NONE,
K14,PB<2>,IOB,IO_L24N_3,INPUT,LVCMOS25,3,,,,NONE,,LOCATED,,NO,NONE,
K15,,DIFFS,IO,UNUSED,,3,,,,,,,,,,
K16,,DIFFM,IO_L40P_3,UNUSED,,3,,,,,,,,,,
L1,,,VCCAUX,,,,,,,,2.5,,,,,
L2,,DIFFM,IO_L22P_6,UNUSED,,6,,,,,,,,,,
L3,,DIFFS,IO_L22N_6,UNUSED,,6,,,,,,,,,,
L4,,DIFFM,IO_L21P_6,UNUSED,,6,,,,,,,,,,
L5,,DIFFS,IO_L21N_6,UNUSED,,6,,,,,,,,,,
L6,,,GND,,,,,,,,,,,,,
L7,,,VCCO_5,,,5,,,,,any******,,,,,
L8,,,VCCO_5,,,5,,,,,any******,,,,,
L9,,,VCCO_4,,,4,,,,,any******,,,,,
L10,,,VCCO_4,,,4,,,,,any******,,,,,
L11,,,GND,,,,,,,,,,,,,
L12,,DIFFM,IO_L23P_3/VREF_3,UNUSED,,3,,,,,,,,,,
L13,SL<0>,IOB,IO_L21N_3,INPUT,LVCMOS25,3,,,,NONE,,LOCATED,,NO,NONE,
L14,SL<1>,IOB,IO_L22P_3,INPUT,LVCMOS25,3,,,,NONE,,LOCATED,,NO,NONE,
L15,,DIFFS,IO_L22N_3,UNUSED,,3,,,,,,,,,,
L16,,,VCCAUX,,,,,,,,2.5,,,,,
M1,,DIFFM,IO_L20P_6,UNUSED,,6,,,,,,,,,,
M2,,DIFFS,IO_L20N_6,UNUSED,,6,,,,,,,,,,
M3,,DIFFM,IO_L19P_6,UNUSED,,6,,,,,,,,,,
M4,,DIFFS,IO_L19N_6,UNUSED,,6,,,,,,,,,,
M5,,,VCCINT,,,,,,,,1.2,,,,,
M6,,DIFFM,IO_L28P_5/D7,UNUSED,,5,,,,,,,,,,
M7,,DIFFM,IO_L30P_5,UNUSED,,5,,,,,,,,,,
M8,,,VCCO_5,,,5,,,,,any******,,,,,
M9,,,VCCO_4,,,4,,,,,any******,,,,,
M10,,DIFFS,IO_L29N_4,UNUSED,,4,,,,,,,,,,
M11,,DIFFS,IO_L27N_4/DIN/D0,UNUSED,,4,,,,,,,,,,
M12,,,VCCINT,,,,,,,,1.2,,,,,
M13,E,IOB,IO_L21P_3,INPUT,LVCMOS25,3,,,,NONE,,LOCATED,,NO,NONE,
M14,Cin,IOB,IO_L19N_3,INPUT,LVCMOS25,3,,,,NONE,,LOCATED,,NO,NONE,
M15,,DIFFM,IO_L20P_3,UNUSED,,3,,,,,,,,,,
M16,,DIFFS,IO_L20N_3,UNUSED,,3,,,,,,,,,,
N1,,DIFFM,IO_L17P_6/VREF_6,UNUSED,,6,,,,,,,,,,
N2,,DIFFS,IO_L17N_6,UNUSED,,6,,,,,,,,,,
N3,,DIFFM,IO_L16P_6,UNUSED,,6,,,,,,,,,,
N4,,,VCCINT,,,,,,,,1.2,,,,,
N5,,IOB,IO,UNUSED,,5,,,,,,,,,,
N6,,DIFFS,IO_L28N_5/D6,UNUSED,,5,,,,,,,,,,
N7,,DIFFS,IO_L30N_5,UNUSED,,5,,,,,,,,,,
N8,,DIFFM,IO_L32P_5/GCLK2,UNUSED,,5,,,,,,,,,,
N9,,DIFFS,IO_L31N_4/INIT_B,UNUSED,,4,,,,,,,,,,
N10,,DIFFM,IO_L29P_4,UNUSED,,4,,,,,,,,,,
N11,,DIFFM,IO_L27P_4/D1,UNUSED,,4,,,,,,,,,,
N12,,IOB,IO/VREF_4,UNUSED,,4,,,,,,,,,,
N13,,,VCCINT,,,,,,,,1.2,,,,,
N14,,DIFFM,IO_L19P_3,UNUSED,,3,,,,,,,,,,
N15,R<5>,IOB,IO_L17P_3/VREF_3,OUTPUT,LVCMOS25,3,12,SLOW,NONE**,,,LOCATED,,YES,NONE,
N16,R<1>,IOB,IO_L17N_3,OUTPUT,LVCMOS25,3,12,SLOW,NONE**,,,LOCATED,,YES,NONE,
P1,,DIFFM,IO_L01P_6/VRN_6,UNUSED,,6,,,,,,,,,,
P2,,DIFFS,IO_L16N_6,UNUSED,,6,,,,,,,,,,
P3,,,M0,,,,,,,,,,,,,
P4,,,M2,,,,,,,,,,,,,
P5,,DIFFM,IO_L27P_5,UNUSED,,5,,,,,,,,,,
P6,,DIFFM,IO_L29P_5/VREF_5,UNUSED,,5,,,,,,,,,,
P7,,IOB,IO,UNUSED,,5,,,,,,,,,,
P8,,DIFFS,IO_L32N_5/GCLK3,UNUSED,,5,,,,,,,,,,
P9,,DIFFM,IO_L31P_4/DOUT/BUSY,UNUSED,,4,,,,,,,,,,
P10,,DIFFS,IO_L30N_4/D2,UNUSED,,4,,,,,,,,,,
P11,,DIFFS,IO_L28N_4,UNUSED,,4,,,,,,,,,,
P12,,DIFFS,IO_L25N_4,UNUSED,,4,,,,,,,,,,
P13,,IOB,IO/VREF_4,UNUSED,,4,,,,,,,,,,
P14,,DIFFM,IO_L16P_3,UNUSED,,3,,,,,,,,,,
P15,R<4>,IOB,IO_L16N_3,OUTPUT,LVCMOS25,3,12,SLOW,NONE**,,,LOCATED,,YES,NONE,
P16,R<0>,IOB,IO_L01N_3/VRP_3,OUTPUT,LVCMOS25,3,12,SLOW,NONE**,,,LOCATED,,YES,NONE,
R1,,DIFFS,IO_L01N_6/VRP_6,UNUSED,,6,,,,,,,,,,
R2,,,GND,,,,,,,,,,,,,
R3,,DIFFM,IO_L01P_5/CS_B,UNUSED,,5,,,,,,,,,,
R4,,DIFFM,IO_L10P_5/VRN_5,UNUSED,,5,,,,,,,,,,
R5,,DIFFS,IO_L27N_5/VREF_5,UNUSED,,5,,,,,,,,,,
R6,,DIFFS,IO_L29N_5,UNUSED,,5,,,,,,,,,,
R7,,DIFFM,IO_L31P_5/D5,UNUSED,,5,,,,,,,,,,
R8,,,GND,,,,,,,,,,,,,
R9,,DIFFS,IO_L32N_4/GCLK1,UNUSED,,4,,,,,,,,,,
R10,,DIFFM,IO_L30P_4/D3,UNUSED,,4,,,,,,,,,,
R11,,DIFFM,IO_L28P_4,UNUSED,,4,,,,,,,,,,
R12,,DIFFM,IO_L25P_4,UNUSED,,4,,,,,,,,,,
R13,,DIFFS,IO_L01N_4/VRP_4,UNUSED,,4,,,,,,,,,,
R14,,,DONE,,,,,,,,,,,,,
R15,,,GND,,,,,,,,,,,,,
R16,R<3>,IOB,IO_L01P_3/VRN_3,OUTPUT,LVCMOS25,3,12,SLOW,NONE**,,,LOCATED,,YES,NONE,
T1,,,GND,,,,,,,,,,,,,
T2,,,M1,,,,,,,,,,,,,
T3,,DIFFS,IO_L01N_5/RDWR_B,UNUSED,,5,,,,,,,,,,
T4,,DIFFS,IO_L10N_5/VRP_5,UNUSED,,5,,,,,,,,,,
T5,,IOB,IO,UNUSED,,5,,,,,,,,,,
T6,,,VCCAUX,,,,,,,,2.5,,,,,
T7,,DIFFS,IO_L31N_5/D4,UNUSED,,5,,,,,,,,,,
T8,,IOB,IO/VREF_5,UNUSED,,5,,,,,,,,,,
T9,,DIFFM,IO_L32P_4/GCLK0,UNUSED,,4,,,,,,,,,,
T10,,IOB,IO/VREF_4,UNUSED,,4,,,,,,,,,,
T11,,,VCCAUX,,,,,,,,2.5,,,,,
T12,,IOB,IO,UNUSED,,4,,,,,,,,,,
T13,,DIFFM,IO_L01P_4/VRN_4,UNUSED,,4,,,,,,,,,,
T14,,DIFFS,IO,UNUSED,,4,,,,,,,,,,
T15,,,CCLK,,,,,,,,,,,,,
T16,,,GND,,,,,,,,,,,,,

# -----,-----,-----,-----,-----,-----,-----,-----,-----,-----,-----,-----,-----,-----,-----,-----,
# 
#* Default value.
#** This default Pullup/Pulldown value can be overridden in Bitgen. 
#****** Special VCCO requirements may apply. Please consult the device 
#       family datasheet for specific guideline on VCCO requirements. 
#
#
#